{
  "project_info": {
    "project_number": "50333834464",
    "firebase_url": "https://kidlang-38123.firebaseio.com",
    "project_id": "kidlang-38123",
    "storage_bucket": "kidlang-38123.appspot.com"
  },
  "client": [
    {
      "client_info": {
        "mobilesdk_app_id": "1:50333834464:android:46964db554a6990e",
        "android_client_info": {
          "package_name": "com.example.burak.kidlang"
        }
      },
      "oauth_client": [
        {
          "client_id": "50333834464-bu00g34eq77pct22kmehs7ev4b02eu69.apps.googleusercontent.com",
          "client_type": 1,
          "android_info": {
            "package_name": "com.example.burak.kidlang",
            "certificate_hash": "78d1eb9ea86674eff081c4d7e7694ff2c071186d"
          }
        },
        {
          "client_id": "50333834464-vmet3thh3t6nijc6sc3f3ofpdna3upv5.apps.googleusercontent.com",
          "client_type": 3
        }
      ],
      "api_key": [
        {
          "current_key": "AIzaSyBzZlKXNayi-dlL5t3IuYJ7XwaPXwUns10"
        }
      ],
      "services": {
        "analytics_service": {
          "status": 1
        },
        "appinvite_service": {
          "status": 2,
          "other_platform_oauth_client": [
            {
              "client_id": "50333834464-vmet3thh3t6nijc6sc3f3ofpdna3upv5.apps.googleusercontent.com",
              "client_type": 3
            }
          ]
        },
        "ads_service": {
          "status": 2
        }
      }
    }
  ],
  "configuration_version": "1"
}